Horodateur,1. Quel est votre âge ?,2. Genre,3. Quel est votre statut actuel ?,4. Pays de résidence,1. Quels réseaux sociaux utilisez-vous au moins une fois par semaine ?,"2. Parmi ces réseaux, lequel utilisez-vous le plus ?",3.Et lequel utilisez-vous en deuxième le plus ?,"4. En moyenne, combien de temps passez-vous par jour sur tous les réseaux sociaux confondus ?", 5. À quels moments de la journée utilisez-vous le plus les réseaux sociaux ?,6. Quelles activités faites-vous le plus souvent sur les réseaux sociaux ?,"7. Pour le réseau que vous utilisez le plus, l’utilisation influence comment votre humeur ?","8. Après avoir utilisé vos réseaux sociaux, vous vous sentez le plus souvent :",Quelle est la couleur du ciel?,9. Pensez-vous que votre usage des réseaux sociaux affecte votre confiance en vous ?,"10. En général, qu’est-ce qui vous fait arrêter de scroller ?","11. Sur une échelle de 1 à 7, quel a été votre niveau d’anxiété cette semaine ?","12. Quand vous vous sentez anxieux, utilisez-vous davantage les réseaux sociaux ?","13. Après avoir utilisé les réseaux sociaux, votre anxiété :",14. Avez-vous des difficultés de sommeil liées à l’usage des réseaux sociaux ?,15. À quelle fréquence utilisez-vous votre téléphone dans les 30 minutes avant de dormir ?,"16. Avez-vous déjà essayé de réduire votre usage, sans succès ?",17. Perdez-vous la notion du temps lorsque vous utilisez les réseaux sociaux ?,18. Vous sentez-vous obligé(e) de vérifier vos notifications ?,19. Votre usage impacte-t-il votre productivité ou vos études ?,20. Vous arrive-t-il de culpabiliser après avoir utilisé les réseaux sociaux ?,"21. Sur une échelle de 1 à 7, comment évalueriez-vous votre maîtrise de votre usage des réseaux sociaux ?",22. Pensez-vous que votre usage actuel est sain ?,23. Qu’aimeriez-vous améliorer dans votre usage ?
25/11/2025 21:37:20,28,Homme,Employé(e),France,"Instagram, LinkedIn",Instagram,Instagram,Plus de 4 heures,"Soir, Nuit (après 23h)",Scrolling / consommation passive,1,Distrait(e),Bleue,Non,"Je commence à avoir mal aux yeux / je suis fatigué(e), Je me rends compte que j’ai autre chose à faire (études, travail, tâches perso), Il se fait tard / je dois dormir, Je culpabilise / j’ai l’impression d’avoir perdu trop de temps, On m’interrompt (appel, message, quelqu’un qui me parle), Honnêtement, j’arrête rarement de moi-même",1,Parfois,Ne change pas,Jamais,Tous les soirs,Non,Parfois,Toujours,1,Parfois,7,Je ne sais pas,Scroll automatique...
26/11/2025 10:13:59,27,Homme,Employé(e),New york,"Instagram, LinkedIn, Youtube, Tiktok",Instagram,Tiktok,Plus de 4 heures,"Soir, Nuit (après 23h)","Scrolling / consommation passive, Envoi de messages privés, Travail / veille professionnelle",5,Distrait(e),Bleue,Non,"Je culpabilise / j’ai l’impression d’avoir perdu trop de temps, On m’interrompt (appel, message, quelqu’un qui me parle)",5,Oui,Diminue,Rarement,Tous les soirs,Oui,Souvent,Toujours,4,Oui,3,Non,"Voici une version corrigée et fluide :

« J’aimerais avoir plus de contrôle sur mon usage des réseaux sociaux. Je trouve que le scrolling est devenu un geste plus involontaire que volontaire, surtout lorsqu’il s’agit de s’arrêter. »"
26/11/2025 10:23:20,22,Femme,Étudiant(e),France,"Instagram, Youtube, Tiktok",Instagram,Tiktok,1–2 heures,"Matin, Nuit (après 23h)","Scrolling / consommation passive, Envoi de messages privés",4,Distrait(e),Jaune,Non,"Je commence à avoir mal aux yeux / je suis fatigué(e), Je me rends compte que j’ai autre chose à faire (études, travail, tâches perso), Il se fait tard / je dois dormir, Je culpabilise / j’ai l’impression d’avoir perdu trop de temps",6,Oui,Ne change pas,Rarement,Tous les soirs,Non,Parfois,Toujours,5,Oui,4,Non,Moins utiliser pour se reveiller le matin
26/11/2025 11:21:47,22,Femme,Étudiant(e),France,"Facebook, Instagram, LinkedIn",Instagram,Youtube,2–3 heures,Soir,"Scrolling / consommation passive, Envoi de messages privés, Regarder des stories / lives",4,Anxieux(-se),Bleue,Non,"Il se fait tard / je dois dormir, Je n’ai plus rien d’intéressant dans le fil, Je culpabilise / j’ai l’impression d’avoir perdu trop de temps",6,Parfois,Augmente,"Oui, fréquemment",Tous les soirs,Non,Toujours,Toujours,6,Oui,3,oui,un temps limité ou l'appli s'arrete toute seule et se bloque après 30 mn pour un temps de 5 mn pour que le cerveau se déconnecte de l'appli et passe à autre chose.
26/11/2025 11:43:41,23,Femme,Étudiant(e),France,"Instagram, LinkedIn, Tiktok",Tiktok,Instagram,Plus de 4 heures,"Matin, Soir, Nuit (après 23h)",Scrolling / consommation passive,3,Anxieux(-se),Bleue,"Oui, plutôt négativement","Je me rends compte que j’ai autre chose à faire (études, travail, tâches perso), Il se fait tard / je dois dormir, J’ai atteint une limite de temps (réglage écran / appli / contrôle parental), Je culpabilise / j’ai l’impression d’avoir perdu trop de temps",3,Parfois,Augmente,"Oui, fréquemment",Tous les soirs,Oui,Souvent,Parfois,7,Oui,3,Non,
26/11/2025 13:49:36,59,Femme,Employé(e),Tunisie,Youtube,Youtube,Aucun en particulier,Moins de 30 minutes,Après-midi,Travail / veille professionnelle,5,Relaxé(e),Bleue,Non,"Je me rends compte que j’ai autre chose à faire (études, travail, tâches perso)",6,Non,Ne change pas,Jamais,1–2 fois par semaine,Non,Parfois,Jamais,1,Non,6,oui,
26/11/2025 14:10:33,29,Homme,Étudiant(e),Tunisie ,"Facebook, Instagram, Youtube",Facebook,Youtube,2–3 heures,"Soir, Nuit (après 23h)","Envoi de messages privés, Regarder des stories / lives, Shopping / découverte de produits",6,Relaxé(e),Bleue,"Oui, plutôt positivement","Je commence à avoir mal aux yeux / je suis fatigué(e), Je me rends compte que j’ai autre chose à faire (études, travail, tâches perso), Il se fait tard / je dois dormir",2,Oui,Diminue,Parfois,Tous les soirs,Oui,Parfois,Parfois,3,Non,5,oui,
26/11/2025 14:12:10,37,Homme,Employé(e),France ,"Facebook, LinkedIn, Youtube",Facebook,Youtube,1–2 heures,"Soir, Nuit (après 23h)","Scrolling / consommation passive, Envoi de messages privés",4,Distrait(e),Bleue,Non,"Je me rends compte que j’ai autre chose à faire (études, travail, tâches perso), Il se fait tard / je dois dormir, Je n’ai plus rien d’intéressant dans le fil",6,Parfois,Ne change pas,Rarement,Tous les soirs,Non,Parfois,Jamais,3,Non,4,Non,
26/11/2025 14:47:46,68,Homme,Retraité ,Tunisie ,"Facebook, Instagram, Youtube, X(Twitter)",Youtube,Facebook,30 min – 1 heure,Matin,Vidéo ,4,Stressé(e),Bleue,Non,"Je me rends compte que j’ai autre chose à faire (études, travail, tâches perso)",2,Non,Ne change pas,Jamais,3–5 fois par semaine,Non,Souvent,Jamais,1,Non,7,oui,Rien 
26/11/2025 15:37:32,80,Femme,Sans emploi,Tunisie,"Facebook, Tiktok",Tiktok,Facebook,1–2 heures,Soir,Scrolling / consommation passive,7,Distrait(e),Bleue,"Oui, plutôt positivement",Je culpabilise / j’ai l’impression d’avoir perdu trop de temps,1,Oui,Diminue,Jamais,Tous les soirs,Non,Souvent,Toujours,1,Non,7,oui,Rien
26/11/2025 15:40:22,23,Homme,Étudiant(e),France,"Instagram, LinkedIn, Youtube, Tiktok, X(Twitter), Snapchat",Instagram,Tiktok,1–2 heures,"Soir, Nuit (après 23h)","Scrolling / consommation passive, Envoi de messages privés, Regarder des stories / lives",3,Distrait(e),Bleue,"Oui, plutôt négativement","Je commence à avoir mal aux yeux / je suis fatigué(e), Je me rends compte que j’ai autre chose à faire (études, travail, tâches perso), Il se fait tard / je dois dormir, Je n’ai plus rien d’intéressant dans le fil, Je culpabilise / j’ai l’impression d’avoir perdu trop de temps",6,Parfois,Augmente,Parfois,Tous les soirs,Non,Toujours,Souvent,6,Oui,3,Non,"Être plus dans le contrôle de mon temps passé sur les réseaux sociaux, et éviter d’y accéder avant de dormir pour éviter les insomnies, et pendant les périodes qui me demandent de me productivité intellectuelle."
26/11/2025 16:06:05,20,Femme,Étudiant(e),France,"Instagram, LinkedIn, Youtube, Tiktok, Snapchat",Instagram,Tiktok,1–2 heures,"Après-midi, Nuit (après 23h)","Scrolling / consommation passive, Envoi de messages privés, Shopping / découverte de produits, Travail / veille professionnelle",4,Anxieux(-se),Bleue,Je ne sais pas,"Je me rends compte que j’ai autre chose à faire (études, travail, tâches perso), Je culpabilise / j’ai l’impression d’avoir perdu trop de temps, On m’interrompt (appel, message, quelqu’un qui me parle)",7,Oui,Ne change pas,Parfois,Tous les soirs,Oui,Souvent,Parfois,7,Oui,7,Non,
26/11/2025 16:15:20,66ans,Homme,Retraité ,Tunisie,"Facebook, Instagram, Youtube",Facebook,Youtube,30 min – 1 heure,Après-midi,"Scrolling / consommation passive, Envoi de messages privés, Travail / veille professionnelle",4,Distrait(e),Bleue,Non,"Je me rends compte que j’ai autre chose à faire (études, travail, tâches perso)",3,Non,Ne change pas,Rarement,Tous les soirs,Non,Jamais,Souvent,3,Non,3,Je ne sais pas,Sans réponse (pour moi c’est une occupation comme une autre)
26/11/2025 16:18:42,,Homme,Retraité,Lyon . France,Facebook,Facebook,Instagram,Plus de 4 heures,"Matin, Soir","Scrolling / consommation passive, Envoi de messages privés, Regarder des stories / lives",1,Relaxé(e),Bleue,Non,"Je me rends compte que j’ai autre chose à faire (études, travail, tâches perso), Il se fait tard / je dois dormir",1,Parfois,Diminue,Jamais,Tous les soirs,Non,Parfois,Toujours,1,Non,7,oui,Avoir un contenu plus efficace
26/11/2025 16:18:58,64,Femme,Retraitée,Lyon /France ,"Facebook, Instagram",Facebook,Instagram,Plus de 4 heures,"Matin, Soir","Scrolling / consommation passive, Regarder des stories / lives",1,Relaxé(e),Bleue,Non,"Je me rends compte que j’ai autre chose à faire (études, travail, tâches perso), Il se fait tard / je dois dormir",3,Non,Ne change pas,"Oui, fréquemment",Tous les soirs,Oui,Parfois,Parfois,1,Non,7,oui,Du contenu efficace 
26/11/2025 16:22:35,54,Femme,Employé(e),Tunisie ,"Facebook, Instagram, LinkedIn, Youtube",Youtube,Instagram,30 min – 1 heure,Soir,"Scrolling / consommation passive, Envoi de messages privés",4,Relaxé(e),Bleue,Non,Je n’ai plus rien d’intéressant dans le fil,1,Non,Ne change pas,Jamais,3–5 fois par semaine,Non,Parfois,Jamais,1,Non,5,oui,Non puisque ça n'a pas vraiment d'importance dans ma vie.
26/11/2025 16:57:59,21,Femme,Étudiant(e),Liban,"Instagram, Tiktok, Snapchat",Instagram,Snapchat,2–3 heures,Soir,Regarder des stories / lives,4,Relaxé(e),Bleue,"Oui, plutôt positivement","Je commence à avoir mal aux yeux / je suis fatigué(e), Je me rends compte que j’ai autre chose à faire (études, travail, tâches perso), Il se fait tard / je dois dormir, Je n’ai plus rien d’intéressant dans le fil, Je culpabilise / j’ai l’impression d’avoir perdu trop de temps, On m’interrompt (appel, message, quelqu’un qui me parle)",6,Non,Ne change pas,Parfois,Tous les soirs,Oui,Souvent,Parfois,6,Parfois,4,oui,
26/11/2025 17:14:48,19,Femme,Étudiant(e),France,"Instagram, Youtube, Tiktok, X(Twitter), Snapchat",Instagram,Tiktok,Plus de 4 heures,"Matin, Après-midi, Soir, Nuit (après 23h)","Scrolling / consommation passive, Publication de contenu, Commentaires / réactions, Regarder des stories / lives",5,Distrait(e),Bleue,"Oui, plutôt négativement","Je me rends compte que j’ai autre chose à faire (études, travail, tâches perso), Il se fait tard / je dois dormir, Je n’ai plus rien d’intéressant dans le fil, Je culpabilise / j’ai l’impression d’avoir perdu trop de temps",6,Oui,Ne change pas,Rarement,Tous les soirs,Oui,Toujours,Toujours,6,Oui,3,Non,Avoir une routine avec des temps spécifiques d'utilisation.
26/11/2025 18:17:28,55,Homme,Employé(e),Tunisie ,Youtube,Youtube,LinkedIn,1–2 heures,Soir,Scrolling / consommation passive,5,Distrait(e),Bleue,Non,"Je me rends compte que j’ai autre chose à faire (études, travail, tâches perso)",1,Non,Ne change pas,Jamais,Tous les soirs,Non,Jamais,Souvent,1,Non,6,oui,Rien
26/11/2025 18:25:36,66,Femme,Retraitée,Tunis,Instagram,LinkedIn,Youtube,2–3 heures,"Matin, Soir",Scrolling / consommation passive,3,Relaxé(e),Bleue,Non,"Je me rends compte que j’ai autre chose à faire (études, travail, tâches perso)",2,Non,Diminue,Jamais,Tous les soirs,Non,Parfois,Souvent,,Non,2,oui,
26/11/2025 18:40:06,55,Homme,Indépendant(e),Tunisie ,"Facebook, Instagram, Youtube, Tiktok",Tiktok,Facebook,30 min – 1 heure,Après-midi,Scrolling / consommation passive,4,Relaxé(e),Bleue,Non,"Je me rends compte que j’ai autre chose à faire (études, travail, tâches perso)",2,,Ne change pas,Jamais,Tous les soirs,Non,Parfois,Parfois,2,Parfois,2,oui,Efficacité 
26/11/2025 18:48:20,32,Homme,Employé(e),France,"Instagram, LinkedIn, Youtube, X(Twitter)",X(Twitter),Instagram,3–4 heures,"Soir, Nuit (après 23h)","Scrolling / consommation passive, Regarder des stories / lives, Travail / veille professionnelle",6,Distrait(e),Bleue,"Oui, plutôt négativement","Je me rends compte que j’ai autre chose à faire (études, travail, tâches perso), Il se fait tard / je dois dormir, Je n’ai plus rien d’intéressant dans le fil",2,Parfois,Ne change pas,Rarement,Tous les soirs,Non,Parfois,Toujours,5,Parfois,5,oui,
26/11/2025 18:52:15,21,Femme,Étudiant(e),Tunisie ,"Facebook, Instagram, Youtube, Tiktok",Instagram,Tiktok,1–2 heures,"Matin, Après-midi, Soir",Scrolling / consommation passive,6,Relaxé(e),Bleue,Non,"Je me rends compte que j’ai autre chose à faire (études, travail, tâches perso), Je n’ai plus rien d’intéressant dans le fil, Je culpabilise / j’ai l’impression d’avoir perdu trop de temps",4,Non,Augmente,Rarement,Tous les soirs,Non,Parfois,Parfois,4,Oui,5,oui,
26/11/2025 19:09:17,59,Femme,Employé(e),France,"Facebook, Instagram, Youtube",Youtube,Facebook,1–2 heures,Soir,"Scrolling / consommation passive, Envoi de messages privés",4,Anxieux(-se),Bleue,"Oui, plutôt positivement",Il se fait tard / je dois dormir,7,Parfois,Augmente,"Oui, fréquemment",Tous les soirs,Oui,Souvent,Toujours,6,Parfois,3,oui,Les types de recherche
26/11/2025 19:25:29,21,Femme,Étudiant(e),Tunis,"Facebook, Instagram, LinkedIn, Youtube, Tiktok, Snapchat",Tiktok,Instagram,Plus de 4 heures,"Matin, Après-midi, Soir, Nuit (après 23h)","Publication de contenu, Envoi de messages privés, Regarder des stories / lives, Travail / veille professionnelle",4,Relaxé(e),Bleue,Je ne sais pas,"Je commence à avoir mal aux yeux / je suis fatigué(e), Je me rends compte que j’ai autre chose à faire (études, travail, tâches perso), Il se fait tard / je dois dormir, J’ai atteint une limite de temps (réglage écran / appli / contrôle parental)",3,Parfois,Ne change pas,Parfois,Tous les soirs,Non,Parfois,Parfois,3,Parfois,3,Je ne sais pas,
26/11/2025 19:28:15,53,Femme,Employé(e),Tunisie ,"Facebook, Youtube, Tiktok, Tchat gpt watsap",Facebook,Tiktok,1–2 heures,Soir,"Publication de contenu, Travail / veille professionnelle",5,Anxieux(-se),Bleue,"Oui, plutôt négativement",Il se fait tard / je dois dormir,3,Parfois,Augmente,"Oui, fréquemment",Tous les soirs,Oui,Parfois,Parfois,1,Oui,4,oui,Le contenu/ le temps 
26/11/2025 20:55:54,53,Femme,Enseignante ,Tunisie ,"Facebook, Instagram, LinkedIn, Youtube",Facebook,Facebook,30 min – 1 heure,Soir,"Envoi de messages privés, Commentaires / réactions, Regarder des stories / lives, Travail / veille professionnelle",4,Relaxé(e),Bleue,Non,"J’ai atteint une limite de temps (réglage écran / appli / contrôle parental), Je n’ai plus rien d’intéressant dans le fil, Je culpabilise / j’ai l’impression d’avoir perdu trop de temps",1,Parfois,Ne change pas,Jamais,1–2 fois par semaine,Oui,Parfois,Souvent,7,Oui,4,oui,La qualité et le choix de mes  consultations 
26/11/2025 21:05:19,56,Femme,Employé(e),Tunis,"Facebook, Youtube, Tiktok",Facebook,Tiktok,2–3 heures,Soir,"Commentaires / réactions, Travail / veille professionnelle",4,,Bleue,Non,Je culpabilise / j’ai l’impression d’avoir perdu trop de temps,4,Parfois,Diminue,Rarement,Jamais,Oui,Parfois,Parfois,4,Oui,4,Non,Limiter le temps
26/11/2025 21:06:58,22,Femme,Étudiant(e),Tunisie ,"Facebook, Instagram, Tiktok",Facebook,Instagram,1–2 heures,Soir,"Envoi de messages privés, Commentaires / réactions, Regarder des stories / lives",4,Relaxé(e),Bleue,"Oui, plutôt positivement",La batterie de mon téléphone est faible,3,Parfois,Ne change pas,Parfois,Tous les soirs,Oui,Parfois,Parfois,2,Parfois,3,Je ne sais pas,
26/11/2025 21:08:32,21,Femme,Étudiant(e),Jelma ,"Facebook, Instagram",Facebook,Instagram,1–2 heures,Soir,"Scrolling / consommation passive, Publication de contenu, Shopping / découverte de produits",1,Relaxé(e),Bleue,"Oui, plutôt positivement",,1,Oui,Augmente,"Oui, fréquemment",1–2 fois par semaine,Oui,Jamais,Parfois,2,Oui,2,oui,Oui 
26/11/2025 21:45:56,23,Femme,Employé(e),Liban,"Facebook, Instagram, LinkedIn, Youtube, Tiktok, X(Twitter), Snapchat",Tiktok,Instagram,Plus de 4 heures,"Soir, Nuit (après 23h)","Scrolling / consommation passive, Regarder des stories / lives, Shopping / découverte de produits",5,Relaxé(e),Bleue,"Oui, plutôt négativement","Je commence à avoir mal aux yeux / je suis fatigué(e), Il se fait tard / je dois dormir, La batterie de mon téléphone est faible, Honnêtement, j’arrête rarement de moi-même",7,Parfois,Ne change pas,Parfois,Tous les soirs,Oui,Toujours,Souvent,5,Oui,5,Non,oui
26/11/2025 22:05:30,21,Femme,Étudiant(e),Médenine ,"Facebook, LinkedIn, Youtube",Facebook,Youtube,2–3 heures,"Matin, Soir","Publication de contenu, Envoi de messages privés, Regarder des stories / lives",4,Stressé(e),Bleue,Non,"Je commence à avoir mal aux yeux / je suis fatigué(e), Je me rends compte que j’ai autre chose à faire (études, travail, tâches perso)",3,Oui,Ne change pas,Parfois,Tous les soirs,Oui,Toujours,Toujours,4,Oui,5,Non,Des formations benifiques
26/11/2025 22:12:13,21ans,Femme,Étudiant(e),Tunis,Facebook,Facebook,Youtube,3–4 heures,Soir,Regarder des stories / lives,5,Stressé(e),Bleue,Je ne sais pas,"Je me rends compte que j’ai autre chose à faire (études, travail, tâches perso)",2,Parfois,,Parfois,Tous les soirs,Non,Parfois,Jamais,5,Non,3,Non,J'aimerais mieux contrôle le temps que je passe les réseux sociaux sur tout avant de dormir .
26/11/2025 22:16:09,21,Homme,Employé(e),Lebanon,"Instagram, LinkedIn, Tiktok, X(Twitter)",Instagram,Tiktok,3–4 heures,"Soir, Nuit (après 23h)",Scrolling / consommation passive,3,Anxieux(-se),Bleue,"Oui, plutôt négativement",Il se fait tard / je dois dormir,6,Oui,Ne change pas,Parfois,Tous les soirs,Oui,Souvent,Toujours,5,Non,5,Je ne sais pas,
26/11/2025 22:47:02,36,Homme,Employé(e),Tunisie ,"Facebook, LinkedIn, Youtube",Facebook,Youtube,2–3 heures,"Après-midi, Soir","Publication de contenu, Envoi de messages privés, Commentaires / réactions, Shopping / découverte de produits, Travail / veille professionnelle",5,Relaxé(e),Bleue,"Oui, plutôt positivement","Je commence à avoir mal aux yeux / je suis fatigué(e), Je me rends compte que j’ai autre chose à faire (études, travail, tâches perso), Je culpabilise / j’ai l’impression d’avoir perdu trop de temps",3,Parfois,Ne change pas,Rarement,3–5 fois par semaine,Non,Parfois,Souvent,2,Parfois,4,Je ne sais pas,Je ne sais pas 
26/11/2025 22:50:36,20,Femme,Étudiant(e),France,Youtube,Youtube,Tiktok,1–2 heures,Après-midi,Culture/ nouvelles idées,4,Motivé(e),Bleue,Je ne sais pas,"Je me rends compte que j’ai autre chose à faire (études, travail, tâches perso), J’ai atteint une limite de temps (réglage écran / appli / contrôle parental), Je culpabilise / j’ai l’impression d’avoir perdu trop de temps",5,Parfois,Diminue,Jamais,Tous les soirs,Non,Parfois,Parfois,4,Oui,5,Je ne sais pas,"Apprendre à maitriser l'IA, à profiter des sites web qui offrent des cours, à lire plus de livres."
26/11/2025 23:03:48,20,Femme,Étudiant(e),Jelma,"Facebook, Youtube, Tiktok",Facebook,Tiktok,2–3 heures,Soir,"Shopping / découverte de produits, Travail / veille professionnelle",4,Relaxé(e),Bleue,"Oui, plutôt négativement",Je n’ai plus rien d’intéressant dans le fil,5,Parfois,Augmente,Jamais,3–5 fois par semaine,Non,Parfois,Jamais,6,Non,4,Je ne sais pas,
26/11/2025 23:50:22,26,Femme,Étudiant(e),USA,"Instagram, Youtube",Instagram,Youtube,30 min – 1 heure,"Soir, Nuit (après 23h)","Scrolling / consommation passive, Envoi de messages privés",4,Distrait(e),Bleue,Je ne sais pas,"Je commence à avoir mal aux yeux / je suis fatigué(e), Je me rends compte que j’ai autre chose à faire (études, travail, tâches perso), J’ai atteint une limite de temps (réglage écran / appli / contrôle parental), Je n’ai plus rien d’intéressant dans le fil, Je culpabilise / j’ai l’impression d’avoir perdu trop de temps",6,Parfois,Ne change pas,Parfois,Tous les soirs,Oui,Parfois,Jamais,5,Parfois,4,Non,
27/11/2025 02:48:50,55,Homme,Employé(e),Canada ,"Facebook, Instagram, Youtube, Tiktok",Instagram,Facebook,1–2 heures,Soir,Scrolling / consommation passive,1,Stressé(e),Bleue,Non,"Je me rends compte que j’ai autre chose à faire (études, travail, tâches perso)",2,Oui,Ne change pas,"Oui, fréquemment",Tous les soirs,Non,Parfois,Souvent,2,Oui,3,Non,Je veux arrêter complètement 
27/11/2025 02:54:01,27,Homme,Employé(e),France,"Instagram, LinkedIn, Youtube, X(Twitter), Snapchat",X(Twitter),Instagram,Plus de 4 heures,"Matin, Après-midi, Soir, Nuit (après 23h)","Scrolling / consommation passive, Envoi de messages privés",5,Distrait(e),Bleue,"Oui, plutôt négativement","Il se fait tard / je dois dormir, On m’interrompt (appel, message, quelqu’un qui me parle)",3,Parfois,Ne change pas,Parfois,Tous les soirs,Non,Souvent,Souvent,5,Parfois,3,Non,Pertinence du contenu
27/11/2025 03:59:53,45 ans,Homme,Employé(e),France ,"Youtube, Tiktok, X(Twitter)",Youtube,X(Twitter),1–2 heures,Soir,"Scrolling / consommation passive, Envoi de messages privés, Travail / veille professionnelle",3,Anxieux(-se),Bleue,Non,je me limite au temps que je me fixe ,2,Parfois,Ne change pas,Rarement,3–5 fois par semaine,Oui,Parfois,Souvent,4,Parfois,5,oui,Avoir le choix des sujets qui pourraient m'intéresser 
27/11/2025 08:10:59,64,Homme,Retraite ,Tunisie ,"Facebook, Instagram, Tiktok",Facebook,Tiktok,30 min – 1 heure,"Matin, Soir","Publication de contenu, Commentaires / réactions",7,Motivé(e),Bleue,Non,J’ai atteint une limite de temps (réglage écran / appli / contrôle parental),1,Non,Diminue,Jamais,Jamais,Non,Jamais,Toujours,1,Non,1,oui,Je ne sais pas 
27/11/2025 08:27:06,71 ans,Femme,Indépendant(e),Tunisie ,"Facebook, Instagram, Youtube",Facebook,Youtube,30 min – 1 heure,"Matin, Après-midi, Soir",Scrolling / consommation passive,4,Anxieux(-se),Bleue,Non,"Je me rends compte que j’ai autre chose à faire (études, travail, tâches perso), Il se fait tard / je dois dormir",4,Non,Ne change pas,Jamais,Tous les soirs,Non,Parfois,Parfois,2,Non,7,oui,Rien
27/11/2025 09:37:43,53,Homme,Employé(e),Tunisie,"Facebook, Youtube",Facebook,Youtube,1–2 heures,Matin,Envoi de messages privés,5,Distrait(e),Bleue,Je ne sais pas,Je n’ai plus rien d’intéressant dans le fil,5,Oui,Ne change pas,Parfois,Tous les soirs,Oui,Souvent,Toujours,5,Parfois,4,oui,J'aimerais améliorer l'efficacité des recherches sur les réseaux sociaux et éliminer les lumières bleues nocives du téléphone. 
27/11/2025 13:08:07,43 ans,Femme,Employé(e),France,"Facebook, Youtube, Tiktok",Youtube,Tiktok,1–2 heures,Soir,"Scrolling / consommation passive, Regarder des stories / lives",4,Distrait(e),Bleue,Je ne sais pas,"Je commence à avoir mal aux yeux / je suis fatigué(e), Il se fait tard / je dois dormir, On m’interrompt (appel, message, quelqu’un qui me parle)",3,Oui,Ne change pas,Rarement,Tous les soirs,Non,Souvent,Souvent,2,Non,3,Je ne sais pas,
27/11/2025 13:17:26,51,Femme,Employé(e),Tunisie ,"Facebook, Youtube",Facebook,Youtube,1–2 heures,Soir,"Scrolling / consommation passive, Envoi de messages privés, Commentaires / réactions, Shopping / découverte de produits, Travail / veille professionnelle",3,Relaxé(e),Bleue,Non,"Je me rends compte que j’ai autre chose à faire (études, travail, tâches perso), Il se fait tard / je dois dormir, Je n’ai plus rien d’intéressant dans le fil",1,Oui,Diminue,Rarement,3–5 fois par semaine,Non,Parfois,Souvent,1,Parfois,4,Je ne sais pas,Le contenu 
27/11/2025 15:08:40,52,Femme,Employé(e),France ,Youtube,Youtube,Aucun ,30 min – 1 heure,Soir,"Scrolling / consommation passive, Regarder des stories / lives",4,Distrait(e),Bleue,"Oui, plutôt négativement","Je me rends compte que j’ai autre chose à faire (études, travail, tâches perso), Je culpabilise / j’ai l’impression d’avoir perdu trop de temps",3,Oui,Ne change pas,Rarement,3–5 fois par semaine,Non,Parfois,Jamais,3,Oui,4,Non,Limiter l usage
27/11/2025 17:59:54,15,Femme,Étudiant(e),France ,Snapchat,Snapchat,Tiktok,3–4 heures,Soir,Scrolling / consommation passive,5,Relaxé(e),Bleue,Je ne sais pas,"Je me rends compte que j’ai autre chose à faire (études, travail, tâches perso)",4,Parfois,Ne change pas,Rarement,3–5 fois par semaine,Oui,Souvent,Souvent,4,Oui,6,Je ne sais pas,Oui
27/11/2025 18:10:19,Morganne ,Femme,Étudiant(e),France,"Instagram, Youtube, Tiktok, Snapchat",Tiktok,Snapchat,2–3 heures,"Soir, Nuit (après 23h)","Scrolling / consommation passive, Envoi de messages privés, Regarder des stories / lives",5,Relaxé(e),Bleue,Je ne sais pas,"Je me rends compte que j’ai autre chose à faire (études, travail, tâches perso), Il se fait tard / je dois dormir, Je culpabilise / j’ai l’impression d’avoir perdu trop de temps, On m’interrompt (appel, message, quelqu’un qui me parle)",6,Oui,Diminue,Parfois,3–5 fois par semaine,Oui,Parfois,Toujours,4,Oui,5,Je ne sais pas,pas aller scroller direct quand je sais pas quoi faire
27/11/2025 20:54:11,22,Femme,Étudiant(e),عين دراهم ,LinkedIn,Facebook,Instagram,1–2 heures,"Soir, Nuit (après 23h)","Publication de contenu, Envoi de messages privés, Regarder des stories / lives, Shopping / découverte de produits, Travail / veille professionnelle, ",5,Motivé(e),Bleue,Non,Il se fait tard / je dois dormir,5,Oui,Diminue,Parfois,Tous les soirs,Oui,Parfois,Parfois,4,Non,6,Je ne sais pas,L'impact de réseau sociaux 
27/11/2025 21:05:37,26,Femme,Étudiant(e),Hammem chat ,"Facebook, Youtube",Youtube,Facebook,Plus de 4 heures,Soir,Regarder des stories / lives,3,Motivé(e),,Je ne sais pas,"Je me rends compte que j’ai autre chose à faire (études, travail, tâches perso), Il se fait tard / je dois dormir",5,Parfois,Ne change pas,Jamais,Tous les soirs,Oui,,,,,,,
27/11/2025 21:06:55,27,,Étudiant(e),Yes,"Facebook, Instagram, Tiktok",Snapchat,Instagram,1–2 heures,Après-midi,"Envoi de messages privés, Shopping / découverte de produits",7,Motivé(e),Rouge,"Oui, plutôt positivement","Il se fait tard / je dois dormir, On m’interrompt (appel, message, quelqu’un qui me parle)",5,Parfois,Augmente,Jamais,Tous les soirs,Oui,Parfois,Souvent,5,Oui,3,Non,Non
27/11/2025 21:08:16,24 ans ,Femme,Étudiant(e),Monastir ,"Facebook, Instagram",Facebook,Instagram,2–3 heures,Soir,"Publication de contenu, Envoi de messages privés",1,Stressé(e),Bleue,Je ne sais pas,Je n’ai plus rien d’intéressant dans le fil,1,Oui,Ne change pas,Parfois,3–5 fois par semaine,Non,Toujours,Parfois,1,Oui,1,Non,
27/11/2025 21:11:26,24,Femme,Étudiant(e),Sfax ,"Facebook, Tiktok",Tiktok,Tiktok,3–4 heures,"Matin, Après-midi, Soir, Nuit (après 23h)","Publication de contenu, Envoi de messages privés",5,Relaxé(e),Bleue,"Oui, plutôt positivement",Je commence à avoir mal aux yeux / je suis fatigué(e),4,Parfois,Augmente,Parfois,Tous les soirs,Non,Parfois,Jamais,4,Parfois,3,Non,
27/11/2025 21:17:40,24 ans,Femme,Étudiant(e),Tunis ,"Facebook, Youtube, Tiktok",Facebook,Tiktok,1–2 heures,"Soir, Nuit (après 23h)","Envoi de messages privés, Regarder des stories / lives",2,Relaxé(e),Bleue,"Oui, plutôt positivement","Je me rends compte que j’ai autre chose à faire (études, travail, tâches perso)",3,Oui,Augmente,Parfois,Jamais,Oui,Parfois,Parfois,2,Non,2,oui,
27/11/2025 21:38:38,41,Femme,Employé(e),Tunis,Facebook,Facebook,Youtube,30 min – 1 heure,Nuit (après 23h),"Shopping / découverte de produits, Travail / veille professionnelle",4,Relaxé(e),Bleue,Non,"Je me rends compte que j’ai autre chose à faire (études, travail, tâches perso)",1,Parfois,Ne change pas,Rarement,1–2 fois par semaine,Oui,Parfois,Parfois,1,Non,2,Je ne sais pas,
27/11/2025 22:00:45,15,Femme,Étudiant(e),France ,"Instagram, Snapchat",Instagram,Snapchat,3–4 heures,Soir,"Envoi de messages privés, Regarder des stories / lives",6,Relaxé(e),Bleue,Je ne sais pas,Je n’ai plus rien d’intéressant dans le fil,1,Parfois,Diminue,Rarement,Tous les soirs,Non,Souvent,Souvent,3,Non,3,oui,Rien
27/11/2025 22:07:27,15,Femme,Étudiant(e),France,"Instagram, Youtube, Tiktok, Snapchat",Snapchat,Instagram,1–2 heures,,Envoi de messages privés,7,Motivé(e),Bleue,Non,Il se fait tard / je dois dormir,1,Non,,Jamais,1–2 fois par semaine,Non,Jamais,Parfois,1,Non,1,Je ne sais pas,
27/11/2025 22:08:49,15,Femme,Étudiant(e),France,"Instagram, Youtube, Snapchat",Snapchat,Youtube,2–3 heures,"Après-midi, Soir","Scrolling / consommation passive, Envoi de messages privés",6,Relaxé(e),Bleue,Non,"Je commence à avoir mal aux yeux / je suis fatigué(e), Il se fait tard / je dois dormir, J’ai atteint une limite de temps (réglage écran / appli / contrôle parental), Je n’ai plus rien d’intéressant dans le fil",3,Parfois,Diminue,Parfois,Tous les soirs,Non,Parfois,Jamais,4,Non,4,Je ne sais pas,Je veux passer moins de temps sur les réseaux ou mon téléphone en général pour me concentrer sur d'autres choses. 
27/11/2025 22:09:45,16,Homme,Apprenti ,France,"Facebook, Instagram, Youtube, Tiktok, Snapchat",Snapchat,Instagram,Plus de 4 heures,"Matin, Après-midi, Soir, Nuit (après 23h)","Scrolling / consommation passive, Envoi de messages privés, Regarder des stories / lives",4,Relaxé(e),Bleue,Non,"Je me rends compte que j’ai autre chose à faire (études, travail, tâches perso), Il se fait tard / je dois dormir",4,Parfois,Ne change pas,Parfois,Tous les soirs,Non,Toujours,Toujours,5,Non,3,Non,Rien 
27/11/2025 22:11:11,15,Homme,Étudiant(e),France,"Instagram, Youtube, Tiktok, Snapchat",Snapchat,Tiktok,2–3 heures,Soir,"Scrolling / consommation passive, Publication de contenu, Envoi de messages privés, Commentaires / réactions, Regarder des stories / lives",5,Relaxé(e),Bleue,"Oui, plutôt positivement","Il se fait tard / je dois dormir, Je n’ai plus rien d’intéressant dans le fil",1,Non,Ne change pas,Jamais,1–2 fois par semaine,Non,Jamais,Jamais,1,Non,7,Non,Art les réseaux 
27/11/2025 22:12:27,15,Homme,Étudiant(e),France,Facebook,Tiktok,Snapchat,3–4 heures,Soir,Scrolling / consommation passive,5,Relaxé(e),Bleue,Je ne sais pas,"Je me rends compte que j’ai autre chose à faire (études, travail, tâches perso), Il se fait tard / je dois dormir",1,Non,Ne change pas,Jamais,Jamais,Non,Jamais,Parfois,1,Non,7,Je ne sais pas,Moins de temps passé dessus 
27/11/2025 22:28:43,22 ans ,Femme,Étudiant(e),Tunis ,"Instagram, LinkedIn, Youtube, Tiktok, X(Twitter), Snapchat, ",Facebook,Tiktok,30 min – 1 heure,Soir,Regarder des stories / lives,1,Stressé(e),Bleue,Je ne sais pas,Il se fait tard / je dois dormir,1,Parfois,Ne change pas,Parfois,Jamais,Non,Jamais,Parfois,3,Parfois,3,Non,
27/11/2025 22:41:33,15,Homme,Étudiant(e),France ,"Instagram, Tiktok, Snapchat",Tiktok,Snapchat,Plus de 4 heures,"Après-midi, Soir","Scrolling / consommation passive, Envoi de messages privés, Commentaires / réactions",4,Relaxé(e),Bleue,Non,"La batterie de mon téléphone est faible, Je n’ai plus rien d’intéressant dans le fil, On m’interrompt (appel, message, quelqu’un qui me parle)",5,Oui,Diminue,Rarement,Tous les soirs,Non,Souvent,Souvent,6,Non,3,Non,Je sais pas 
27/11/2025 23:21:03,28,Homme,Employé(e),France,"Facebook, Instagram, LinkedIn, Youtube, Tiktok, X(Twitter), Snapchat",X(Twitter),Instagram,Plus de 4 heures,"Après-midi, Soir","Scrolling / consommation passive, Envoi de messages privés, Regarder des stories / lives",3,Anxieux(-se),Bleue,"Oui, plutôt négativement","Je me rends compte que j’ai autre chose à faire (études, travail, tâches perso), Il se fait tard / je dois dormir, Je culpabilise / j’ai l’impression d’avoir perdu trop de temps",2,Parfois,Augmente,Rarement,Tous les soirs,Oui,Souvent,Toujours,6,Oui,1,Non,Être moins accro 
28/11/2025 07:52:38,15 ans,Femme,Étudiant(e),,"Instagram, Tiktok, Snapchat",Tiktok,Instagram,2–3 heures,"Matin, Soir",Scrolling / consommation passive,4,Motivé(e),Bleue,"Oui, plutôt positivement","Je me rends compte que j’ai autre chose à faire (études, travail, tâches perso), J’ai atteint une limite de temps (réglage écran / appli / contrôle parental), Je n’ai plus rien d’intéressant dans le fil, Je culpabilise / j’ai l’impression d’avoir perdu trop de temps",4,Parfois,Ne change pas,Parfois,Tous les soirs,Oui,Parfois,Parfois,3,Oui,3,Non,
28/11/2025 08:20:45,23,Femme,Employé(e),liban,"Instagram, Tiktok",Instagram,Tiktok,2–3 heures,"Matin, Soir","Scrolling / consommation passive, Commentaires / réactions, Shopping / découverte de produits",4,Distrait(e),Bleue,"Oui, plutôt négativement","Je commence à avoir mal aux yeux / je suis fatigué(e), Je me rends compte que j’ai autre chose à faire (études, travail, tâches perso), Il se fait tard / je dois dormir, Je culpabilise / j’ai l’impression d’avoir perdu trop de temps",4,Parfois,Diminue,Parfois,Tous les soirs,Oui,Souvent,Parfois,3,Oui,4,Non,
28/11/2025 08:44:35,14,Homme,Étudiant(e),France ,"Youtube, Tiktok, Snapchat",Tiktok,Snapchat,Plus de 4 heures,"Soir, Nuit (après 23h)",Scrolling / consommation passive,7,Motivé(e),Bleue,Non,La batterie de mon téléphone est faible,1,Parfois,Diminue,"Oui, fréquemment",Tous les soirs,Non,Toujours,Toujours,3,Non,7,Je ne sais pas,
28/11/2025 13:30:54,23,Femme,Employé(e),France,"Facebook, Instagram, Tiktok, Snapchat",Instagram,Tiktok,2–3 heures,"Matin, Après-midi, Soir","Scrolling / consommation passive, Envoi de messages privés, Regarder des stories / lives",4,Anxieux(-se),Bleue,"Oui, plutôt négativement","Je me rends compte que j’ai autre chose à faire (études, travail, tâches perso), Il se fait tard / je dois dormir, La batterie de mon téléphone est faible, Je n’ai plus rien d’intéressant dans le fil",1,Parfois,Ne change pas,Rarement,Tous les soirs,Oui,Jamais,Toujours,5,Non,7,Non,Utiliser moins le téléphone
29/11/2025 18:48:09,34,Homme,Employé(e),France,"Facebook, Instagram, Youtube",Instagram,Youtube,Plus de 4 heures,Soir,"Scrolling / consommation passive, Envoi de messages privés, Regarder des stories / lives",4,Distrait(e),Bleue,"Oui, plutôt positivement","Je commence à avoir mal aux yeux / je suis fatigué(e), Je me rends compte que j’ai autre chose à faire (études, travail, tâches perso), Il se fait tard / je dois dormir, La batterie de mon téléphone est faible, Je culpabilise / j’ai l’impression d’avoir perdu trop de temps",3,Oui,Diminue,Rarement,3–5 fois par semaine,Oui,Souvent,Toujours,6,Oui,2,Non,Diminuer mon temps d’écran 
30/11/2025 15:23:05,37,Femme,Employé(e),Luxembourg,"Facebook, Instagram, Youtube",Facebook,Instagram,30 min – 1 heure,Soir,"Envoi de messages privés, Regarder des stories / lives, Shopping / découverte de produits",,Distrait(e),Bleue,Je ne sais pas,"Je commence à avoir mal aux yeux / je suis fatigué(e), Je me rends compte que j’ai autre chose à faire (études, travail, tâches perso), Je n’ai plus rien d’intéressant dans le fil, Je culpabilise / j’ai l’impression d’avoir perdu trop de temps",5,Parfois,Diminue,Rarement,3–5 fois par semaine,Non,Parfois,Parfois,4,Oui,4,Je ne sais pas,"Diminuer mon temps d’usage mais actuellement tout est sur le net (travail, shopping,…) "
30/11/2025 18:06:13,45,Femme,Femme au foyer,Tunis,"Facebook, Youtube",Facebook,Youtube,Moins de 30 minutes,Après-midi,"Envoi de messages privés, Ecouter la musique",,Relaxé(e),Bleue,Non,"Je commence à avoir mal aux yeux / je suis fatigué(e), Je me rends compte que j’ai autre chose à faire (études, travail, tâches perso)",1,Parfois,Diminue,Jamais,1–2 fois par semaine,Oui,Parfois,Jamais,1,Non,5,oui,Diminuer la durée de mon usage de resaux 
01/12/2025 09:36:00,23,Femme,Étudiant(e),France ,"Instagram, LinkedIn, Youtube, Tiktok",Instagram,LinkedIn,3–4 heures,"Après-midi, Soir","Scrolling / consommation passive, Travail / veille professionnelle",5,Distrait(e),Bleue,"Oui, plutôt négativement","Je commence à avoir mal aux yeux / je suis fatigué(e), Je me rends compte que j’ai autre chose à faire (études, travail, tâches perso), Il se fait tard / je dois dormir, La batterie de mon téléphone est faible, Je n’ai plus rien d’intéressant dans le fil, Je culpabilise / j’ai l’impression d’avoir perdu trop de temps, On m’interrompt (appel, message, quelqu’un qui me parle)",6,Oui,Augmente,Parfois,Tous les soirs,Oui,Parfois,Parfois,5,Oui,6,Non,"Ne plus dépendre des réseaux sociaux pour améliorer mon humeur ou me distraire de mes problèmes, c’est un réflexe que je n’arrive pas à stopper. Ça me rend heureuse les premières 20 à 30 minutes que je passe à scroller mais passer ce délai je commence à me sentir mal mais je n’arrive pas à m’arrêter, c’est une vraie addiction."
05/12/2025 08:52:27,22,Homme,Étudiant(e),France,"Instagram, LinkedIn, Youtube, X(Twitter)",X(Twitter),Instagram,1–2 heures,Soir,"Scrolling / consommation passive, Regarder des stories / lives, Travail / veille professionnelle",5,Distrait(e),Bleue,Non,"Je me rends compte que j’ai autre chose à faire (études, travail, tâches perso), Il se fait tard / je dois dormir, J’ai atteint une limite de temps (réglage écran / appli / contrôle parental), La batterie de mon téléphone est faible, Je n’ai plus rien d’intéressant dans le fil",3,Oui,Diminue,Jamais,Tous les soirs,Oui,Parfois,Jamais,2,Non,7,Non,
05/12/2025 08:56:53,22,Homme,Étudiant(e),France,"Instagram, LinkedIn, Youtube, Tiktok, X(Twitter), Snapchat",X(Twitter),Youtube,Plus de 4 heures,"Après-midi, Soir","Scrolling / consommation passive, Envoi de messages privés, Regarder des stories / lives",4,Distrait(e),Bleue,Je ne sais pas,"Je me rends compte que j’ai autre chose à faire (études, travail, tâches perso), Il se fait tard / je dois dormir, Je n’ai plus rien d’intéressant dans le fil",2,Parfois,Ne change pas,Rarement,Tous les soirs,Non,Parfois,Parfois,5,Oui,7,Non,
05/12/2025 09:25:33,22,Homme,Étudiant(e),France,"Instagram, Youtube, Bluesky, Discord",Youtube,Instagram,Plus de 4 heures,Soir,"Scrolling / consommation passive, Envoi de messages privés, Regarder des stories / lives",5,Relaxé(e),Bleue,Non,"Je me rends compte que j’ai autre chose à faire (études, travail, tâches perso), Il se fait tard / je dois dormir, Honnêtement, j’arrête rarement de moi-même",4,Parfois,Diminue,Jamais,Tous les soirs,Non,Parfois,Souvent,7,Oui,3,Non,Réduire l'utilisation
05/12/2025 09:32:12,24,Femme,Employé(e),France,"Instagram, Youtube",Instagram,Youtube,1–2 heures,"Matin, Soir","Scrolling / consommation passive, Envoi de messages privés",3,Anxieux(-se),Bleue,Non,"Je me rends compte que j’ai autre chose à faire (études, travail, tâches perso), J’ai atteint une limite de temps (réglage écran / appli / contrôle parental)",3,Oui,Ne change pas,Jamais,Tous les soirs,Oui,Souvent,Toujours,5,Oui,2,Non,Réduire l'usage passif pour quasiment arriver uniquement à un usage d'échange de messages privés 
05/12/2025 10:27:29,23,Homme,Étudiant(e),France,"Instagram, LinkedIn, X(Twitter), Snapchat",X(Twitter),Instagram,1–2 heures,Soir,Scrolling / consommation passive,4,Relaxé(e),Bleue,"Oui, plutôt positivement","Quand je suis satisfait ( généralement quand je tombe sur un post qui me fait rire, je m'arrête sur une bonne note )",3,Parfois,Diminue,Parfois,Tous les soirs,Non,Souvent,Jamais,2,Non,3,Je ne sais pas,L'arrêt de l'utilisation du téléphone/ RS avant de se coucher 
05/12/2025 10:27:38,21,Homme,Étudiant(e),France,"Instagram, Youtube",Youtube,Instagram,Plus de 4 heures,Soir,Scrolling / consommation passive,5,Relaxé(e),Bleue,Je ne sais pas,"Je me rends compte que j’ai autre chose à faire (études, travail, tâches perso)",5,Non,Ne change pas,Parfois,Tous les soirs,Non,Parfois,Toujours,3,Oui,4,Non,
05/12/2025 11:15:38,23,Homme,Étudiant(e),France,"Instagram, Youtube, Tiktok, Snapchat, Discord",Discord,Youtube,3–4 heures,Soir,"Scrolling / consommation passive, Envoi de messages privés",6,Relaxé(e),Bleue,Non,Juste comme sa,2,Parfois,Diminue,Jamais,Tous les soirs,Non,Parfois,Souvent,5,Parfois,7,Je ne sais pas,rien
05/12/2025 11:40:45,25,Autre,Étudiant(e),France,"Instagram, Youtube, X(Twitter), Snapchat",X(Twitter),Youtube,1–2 heures,"Matin, Soir","Scrolling / consommation passive, Envoi de messages privés",4,Distrait(e),Bleue,Non,"Je me rends compte que j’ai autre chose à faire (études, travail, tâches perso), Je n’ai plus rien d’intéressant dans le fil, On m’interrompt (appel, message, quelqu’un qui me parle)",5,Oui,Ne change pas,Jamais,1–2 fois par semaine,Non,Parfois,Parfois,3,Oui,5,oui,
05/12/2025 11:59:37,24,Homme,Étudiant(e),France,"LinkedIn, Youtube, Tiktok, X(Twitter), Snapchat",Discord,Youtube,1–2 heures,"Soir, Nuit (après 23h)","Scrolling / consommation passive, Envoi de messages privés, Travail / veille professionnelle",5,Distrait(e),Bleue,"Oui, plutôt négativement","Je me rends compte que j’ai autre chose à faire (études, travail, tâches perso), J’ai atteint une limite de temps (réglage écran / appli / contrôle parental), Je culpabilise / j’ai l’impression d’avoir perdu trop de temps",4,Oui,Augmente,Parfois,Tous les soirs,Oui,Toujours,Toujours,5,Oui,4,Non,tout désinstaller 
05/12/2025 13:03:47,22,Je préfère ne pas répondre,Étudiant(e),France ,"Instagram, Discord, bluesky, ",Discord,Instagram,1–2 heures,"Soir, Nuit (après 23h)",Envoi de messages privés,2,Anxieux(-se),Bleue,Non,"Je me rends compte que j’ai autre chose à faire (études, travail, tâches perso), Il se fait tard / je dois dormir, Je n’ai plus rien d’intéressant dans le fil",7,Parfois,Ne change pas,Parfois,Tous les soirs,Non,Parfois,Souvent,2,Parfois,6,Je ne sais pas,
05/12/2025 15:21:33,25,Homme,Étudiant(e),France,"Youtube, Snapchat",Youtube,Snapchat,1–2 heures,Soir,Scrolling / consommation passive,4,Motivé(e),Bleue,Je ne sais pas,"Je me rends compte que j’ai autre chose à faire (études, travail, tâches perso), Il se fait tard / je dois dormir, Je culpabilise / j’ai l’impression d’avoir perdu trop de temps",2,Non,Ne change pas,"Oui, fréquemment",Tous les soirs,Non,Toujours,Jamais,6,Oui,5,Non,"Améliorer ma perception du temps lors de l’usage et détecter le moment où je décroche dans ma consommation : lorsque je me rends sur YouTube, c’est d’abord pour m’instruire. Or, au bout d’un certain temps sur la plateforme, je dévie, je perds le contrôle de ma consommation et je me retrouve à regarder un peu tout et n’importe quoi."
05/12/2025 17:20:05,24,Homme,Employé(e),France,Mastodon,Mastodon,Aucun en particulier,30 min – 1 heure,"Matin, Soir",Scrolling / consommation passive,4,Distrait(e),Bleue,Non,"Il se fait tard / je dois dormir, J’ai atteint une limite de temps (réglage écran / appli / contrôle parental), Je n’ai plus rien d’intéressant dans le fil, On m’interrompt (appel, message, quelqu’un qui me parle)",3,Non,Diminue,Rarement,3–5 fois par semaine,Oui,Souvent,,2,Parfois,4,oui,
06/12/2025 09:40:42,21,Femme,Étudiant(e),France,Youtube,Youtube,pas d’autre réseau ,Moins de 30 minutes,"Matin, Soir",vidéos / podcast ,6,Relaxé(e),Bleue,"Oui, plutôt positivement",je scrolle pas vraiment si je regarde des shorts j’arrête parce que j’ai trouvé ce que je cherchais,4,Non,Ne change pas,Jamais,Jamais,Non,Parfois,Jamais,1,Non,7,oui,"je pense que j’aimerais tout couper, youtube c’est la dernière étape et j’ai du mal à l’enlever à cause des podcasts vidéos et des créateurs que j’aime vraiment bien, mais je trouve que c’est trop dangereux à cause du format court qui est facilement proposé et j’ai pas envie de retomber dans le scrolling (parce que j’y fus)"
07/12/2025 21:21:43,25,Homme,Étudiant(e),France,"Youtube, discord",discord,Youtube,30 min – 1 heure,Soir,"Envoi de messages privés, regarder des vidéos",5,,Bleue,Non,"Je me rends compte que j’ai autre chose à faire (études, travail, tâches perso)",5,Parfois,Ne change pas,Rarement,Tous les soirs,Non,Parfois,Parfois,1,Oui,5,Non,"Dur à dire, je ne fais que communiquer avec mes amis, donc ça s'apparente à les voir dans la vraie vie plus qu'à une utilisation classique. Réduire mon usage de discord reviendrait à moins communiquer avec mes amis, en particulier ceux avec qui je ne communique que par ce moyen.
Il m'arrive d'avoir des jours où je ne fais rien d'autre que de discuter et jouer avec mes amis, mais je ne doomscroll pas. Il m'arrive beaucoup plus souvent de passer ma journée à bosser en vocal avec eux.
"
11/12/2025 12:13:54,61,Homme,Prof universitaire ,Liban,Wattsap ,Youtube,Youtube,30 min – 1 heure,Après-midi,"Envoi de messages privés, Travail / veille professionnelle",3,Stressé(e),Bleue,Je ne sais pas,"Je me rends compte que j’ai autre chose à faire (études, travail, tâches perso), Il se fait tard / je dois dormir, La batterie de mon téléphone est faible, On m’interrompt (appel, message, quelqu’un qui me parle)",2,Non,Augmente,"Oui, fréquemment",1–2 fois par semaine,Non,Parfois,Souvent,2,Parfois,6,oui,Rien 
11/12/2025 12:14:37,61,Homme,Prof universitaire ,Liban,Wattsap ,Youtube,Youtube,30 min – 1 heure,Après-midi,"Envoi de messages privés, Travail / veille professionnelle",3,Stressé(e),Bleue,Je ne sais pas,"Je me rends compte que j’ai autre chose à faire (études, travail, tâches perso), Il se fait tard / je dois dormir, La batterie de mon téléphone est faible, On m’interrompt (appel, message, quelqu’un qui me parle)",2,Non,Augmente,"Oui, fréquemment",1–2 fois par semaine,Non,Parfois,Souvent,2,Parfois,6,oui,Rien 
11/12/2025 12:34:46,22,Homme,Étudiant(e),Liban,"Instagram, LinkedIn, Tiktok, X(Twitter)",Instagram,X(Twitter),1–2 heures,"Après-midi, Soir","Publication de contenu, Regarder des stories / lives",3,Relaxé(e),Bleue,Non,"Je me rends compte que j’ai autre chose à faire (études, travail, tâches perso), Il se fait tard / je dois dormir, Je n’ai plus rien d’intéressant dans le fil",5,Parfois,Ne change pas,Rarement,3–5 fois par semaine,Oui,Parfois,Parfois,5,Parfois,5,Non,Oui
11/12/2025 12:40:40,21,Homme,Étudiant(e),Liban,"Instagram, Youtube, X(Twitter)",Instagram,Youtube,3–4 heures,"Après-midi, Soir, Nuit (après 23h)",Scrolling / consommation passive,6,Relaxé(e),Bleue,Je ne sais pas,"Je me rends compte que j’ai autre chose à faire (études, travail, tâches perso), Je culpabilise / j’ai l’impression d’avoir perdu trop de temps",5,Parfois,Diminue,Jamais,1–2 fois par semaine,Non,Souvent,Parfois,4,Parfois,3,Je ne sais pas,Ne pas l'utilise pendant les etudes
11/12/2025 12:47:55,57,Femme,Sans emploi,Liban,"Facebook, Instagram, Youtube",Youtube,,2–3 heures,Soir,Scrolling / consommation passive,5,Distrait(e),Bleue,Non,Je n’ai plus rien d’intéressant dans le fil,5,Non,Ne change pas,Parfois,Tous les soirs,Non,Parfois,Parfois,3,Non,3,Je ne sais pas,Rien de précis
11/12/2025 12:48:37,21,Femme,Étudiant(e),Liban ,"Facebook, Instagram, Youtube, Tiktok",Instagram,Youtube,2–3 heures,Soir,"Scrolling / consommation passive, Regarder des stories / lives",4,Motivé(e),Bleue,Non,"J’ai atteint une limite de temps (réglage écran / appli / contrôle parental), Je culpabilise / j’ai l’impression d’avoir perdu trop de temps",1,Non,Ne change pas,Jamais,1–2 fois par semaine,Non,Parfois,Parfois,4,Non,4,Je ne sais pas,Réduisez le temps d'utilisation de votre téléphone pendant les vacances. 
11/12/2025 12:51:24,19,Homme,Étudiant(e),Liban,"Instagram, Tiktok, Snapchat",Instagram,Tiktok,1–2 heures,"Après-midi, Nuit (après 23h)","Scrolling / consommation passive, Commentaires / réactions, Regarder des stories / lives, Shopping / découverte de produits",5,Relaxé(e),Bleue,Non,"Je commence à avoir mal aux yeux / je suis fatigué(e), Je me rends compte que j’ai autre chose à faire (études, travail, tâches perso), Il se fait tard / je dois dormir, J’ai atteint une limite de temps (réglage écran / appli / contrôle parental), La batterie de mon téléphone est faible, Je n’ai plus rien d’intéressant dans le fil",4,Parfois,Ne change pas,Parfois,3–5 fois par semaine,Oui,Parfois,Parfois,5,Parfois,4,Non,Le limiter
11/12/2025 12:54:36,20,Femme,Étudiant(e),Liban,"Instagram, Youtube, Tiktok",Instagram,Tiktok,2–3 heures,Soir,"Scrolling / consommation passive, Envoi de messages privés, Regarder des stories / lives",4,Relaxé(e),Bleue,Je ne sais pas,"Je me rends compte que j’ai autre chose à faire (études, travail, tâches perso), Il se fait tard / je dois dormir, La batterie de mon téléphone est faible, Honnêtement, j’arrête rarement de moi-même",3,Parfois,Diminue,Rarement,Tous les soirs,Non,Parfois,Souvent,5,Parfois,4,Je ne sais pas,
11/12/2025 12:56:23,19,Femme,Étudiant(e),liban,"Instagram, Tiktok",Tiktok,Instagram,Plus de 4 heures,Soir,"Scrolling / consommation passive, Shopping / découverte de produits",4,Relaxé(e),Bleue,Je ne sais pas,"Je commence à avoir mal aux yeux / je suis fatigué(e), Je me rends compte que j’ai autre chose à faire (études, travail, tâches perso), Il se fait tard / je dois dormir",5,Oui,Ne change pas,Parfois,Tous les soirs,Oui,Toujours,Souvent,6,Parfois,2,Non,
11/12/2025 13:03:56,19,Homme,Étudiant(e),Liban,"Instagram, Youtube",Instagram,Youtube,3–4 heures,"Matin, Après-midi, Soir","Scrolling / consommation passive, Publication de contenu, Envoi de messages privés, Commentaires / réactions, Regarder des stories / lives",4,Distrait(e),Bleue,Non,"Je me rends compte que j’ai autre chose à faire (études, travail, tâches perso), Il se fait tard / je dois dormir, Je culpabilise / j’ai l’impression d’avoir perdu trop de temps",5,Non,Ne change pas,Jamais,Tous les soirs,Oui,Jamais,Parfois,5,Parfois,4,Je ne sais pas,Essayer au maximum de conserver le temps d'étude
11/12/2025 13:19:03,20,Femme,Étudiant(e),Lebanon,Instagram,WhatsApp and chatgpt,Instagram,3–4 heures,Soir,Scrolling / consommation passive,4,Stressé(e),Bleue,Non,J’ai atteint une limite de temps (réglage écran / appli / contrôle parental),7,Non,Ne change pas,Jamais,1–2 fois par semaine,Non,Parfois,Parfois,1,Non,5,Je ne sais pas,
11/12/2025 13:20:33,21,Homme,Étudiant(e),Liban,"Instagram, Youtube",Instagram,Youtube,2–3 heures,Soir,"Scrolling / consommation passive, Envoi de messages privés",5,Relaxé(e),Bleue,Non,"Je me rends compte que j’ai autre chose à faire (études, travail, tâches perso), Il se fait tard / je dois dormir",2,Non,Ne change pas,Jamais,Tous les soirs,Non,Jamais,Jamais,3,Non,6,oui,reduire un peu le temps de scrolling sur instagram
11/12/2025 13:26:23,19,Femme,Étudiant(e),Liban,Instagram,Instagram,Aucun en particulier,1–2 heures,"Après-midi, Soir",Scrolling / consommation passive,4,Distrait(e),Bleue,Non,"Je me rends compte que j’ai autre chose à faire (études, travail, tâches perso), J’ai atteint une limite de temps (réglage écran / appli / contrôle parental)",5,Parfois,Ne change pas,Jamais,Tous les soirs,Non,Parfois,Jamais,4,Non,6,Je ne sais pas,
11/12/2025 13:26:31,19,Femme,Étudiant(e),Liban,"Instagram, Youtube",Instagram,Youtube,Plus de 4 heures,"Après-midi, Soir","Scrolling / consommation passive, Regarder des stories / lives",3,Distrait(e),Bleue,Non,"Je commence à avoir mal aux yeux / je suis fatigué(e), Il se fait tard / je dois dormir, Honnêtement, j’arrête rarement de moi-même",4,Oui,Ne change pas,Rarement,Tous les soirs,Oui,Toujours,Souvent,6,Parfois,3,Non,"J'aimerais bien apprendre a gerer bien plus mon temps sur les reseaux sociaux, d'abord pour la santé physique et celle de mes yeux, aussi pour la santé morale, également pour profiter du temps épuisé par les réseaux sociaux pour beaucoups de chose encore plus importantes"
11/12/2025 13:27:23,21,Femme,Étudiant(e),Liban,"Facebook, X(Twitter), Snapchat",Tiktok,Instagram,3–4 heures,"Après-midi, Soir","Scrolling / consommation passive, Regarder des stories / lives, Shopping / découverte de produits",5,Distrait(e),Bleue,"Oui, plutôt positivement","Je me rends compte que j’ai autre chose à faire (études, travail, tâches perso), Il se fait tard / je dois dormir, Je n’ai plus rien d’intéressant dans le fil",6,Oui,Diminue,Jamais,Tous les soirs,Non,Souvent,Toujours,4,Parfois,4,Je ne sais pas,
11/12/2025 13:29:49,18,Femme,Étudiant(e),Liban,Facebook,Instagram,Tiktok,3–4 heures,"Après-midi, Soir",Scrolling / consommation passive,5,Relaxé(e),Bleue,Non,Il se fait tard / je dois dormir,5,Parfois,Ne change pas,Parfois,Tous les soirs,Oui,Parfois,Parfois,6,Parfois,5,Non,
11/12/2025 13:35:13,21,Femme,Étudiant(e),,"Instagram, Youtube, Tiktok",Instagram,Tiktok,2–3 heures,Après-midi,"Scrolling / consommation passive, Envoi de messages privés",2,Triste,Bleue,Non,"Je me rends compte que j’ai autre chose à faire (études, travail, tâches perso), Je n’ai plus rien d’intéressant dans le fil, Je culpabilise / j’ai l’impression d’avoir perdu trop de temps",5,Parfois,Augmente,Rarement,1–2 fois par semaine,Oui,Parfois,Jamais,5,Oui,4,Non,J'espère qu'un jour je pourrai arrêter de perdre mon temps à faire défiler les écrans vu que j'ai des choses importantes à faire.
11/12/2025 13:37:36,21,Femme,Étudiant(e),Liban,"Facebook, Instagram, Youtube",Instagram,Youtube,30 min – 1 heure,Soir,Scrolling / consommation passive,4,Distrait(e),Bleue,Non,"Je me rends compte que j’ai autre chose à faire (études, travail, tâches perso)",4,Parfois,Ne change pas,Parfois,3–5 fois par semaine,Oui,Souvent,Toujours,3,Non,4,Je ne sais pas,Le temps
11/12/2025 13:44:34,18,Femme,Étudiant(e),Liban,"Instagram, Youtube",Instagram,Youtube,Plus de 4 heures,"Matin, Après-midi, Soir, Nuit (après 23h)","Publication de contenu, Envoi de messages privés, Regarder des stories / lives, Shopping / découverte de produits",5,Relaxé(e),Bleue,Non,Il se fait tard / je dois dormir,4,Parfois,Ne change pas,"Oui, fréquemment",Tous les soirs,Non,Souvent,Parfois,7,Parfois,4,Non,.
11/12/2025 13:55:09,21,Femme,Étudiant(e),Liban,Tiktok,Tiktok,Instagram,2–3 heures,Nuit (après 23h),Scrolling / consommation passive,4,Anxieux(-se),Bleue,"Oui, plutôt négativement",Il se fait tard / je dois dormir,3,Oui,Augmente,"Oui, fréquemment",Tous les soirs,Non,Parfois,Jamais,4,Parfois,4,Je ne sais pas,
11/12/2025 13:55:49,19,Femme,Étudiant(e),Liban,"Facebook, Youtube",Aucun en particulier,Youtube,2–3 heures,Soir,"Envoi de messages privés, Commentaires / réactions, Regarder des stories / lives, Découvertes",4,Motivé(e),Bleue,Je ne sais pas,Je n’ai plus rien d’intéressant dans le fil,1,Parfois,Ne change pas,Jamais,Jamais,Non,Parfois,Jamais,4,Non,7,oui,"Rien, je l'utilise avec équilibre entre ma vie personellr et celle des écrans"
11/12/2025 13:57:22,22,Femme,Employé(e),Liban,"Facebook, Instagram, Youtube, Tiktok",Instagram,Tiktok,Plus de 4 heures,Nuit (après 23h),"Scrolling / consommation passive, Envoi de messages privés, Shopping / découverte de produits",6,Distrait(e),Bleue,Je ne sais pas,"Je commence à avoir mal aux yeux / je suis fatigué(e), On m’interrompt (appel, message, quelqu’un qui me parle)",7,Parfois,Diminue,Parfois,Tous les soirs,Non,Souvent,Jamais,6,Parfois,7,Non,Rien
11/12/2025 14:11:10,21,Homme,Étudiant(e),Liban,"LinkedIn, Youtube",Youtube,LinkedIn,2–3 heures,Nuit (après 23h),"Scrolling / consommation passive, Envoi de messages privés, Shopping / découverte de produits, Travail / veille professionnelle",5,Anxieux(-se),Bleue,Non,Il se fait tard / je dois dormir,4,Parfois,Diminue,Rarement,Tous les soirs,Non,Souvent,Parfois,3,Oui,4,Non,
11/12/2025 14:32:57,21,Femme,Étudiant(e),Liban ,Youtube,Youtube,Aucun en particulier,30 min – 1 heure,Soir,Regarder des vidéos educative surtout sur youtube ,3,Stressé(e),Bleue,"Oui, plutôt négativement","Je me rends compte que j’ai autre chose à faire (études, travail, tâches perso)",5,Non,Augmente,Jamais,1–2 fois par semaine,Oui,Toujours,Souvent,7,Oui,1,oui,
11/12/2025 14:49:00,22,Homme,Étudiant(e),liban,Youtube,Youtube,Aucun en particulier,30 min – 1 heure,Soir,"Scrolling / consommation passive, Publication de contenu",4,Anxieux(-se),Bleue,"Oui, plutôt négativement","Je commence à avoir mal aux yeux / je suis fatigué(e), Je me rends compte que j’ai autre chose à faire (études, travail, tâches perso), La batterie de mon téléphone est faible",6,Non,Ne change pas,"Oui, fréquemment",1–2 fois par semaine,Non,Souvent,Parfois,6,Oui,5,Je ne sais pas,être plus modéré
11/12/2025 15:14:45,23,Femme,Étudiant(e),Liban,"Instagram, Youtube, Tiktok",Instagram,Tiktok,3–4 heures,"Matin, Après-midi, Soir",Scrolling / consommation passive,4,Relaxé(e),Bleue,"Oui, plutôt positivement","Je commence à avoir mal aux yeux / je suis fatigué(e), Je me rends compte que j’ai autre chose à faire (études, travail, tâches perso), Il se fait tard / je dois dormir, La batterie de mon téléphone est faible, Je n’ai plus rien d’intéressant dans le fil, Je culpabilise / j’ai l’impression d’avoir perdu trop de temps, On m’interrompt (appel, message, quelqu’un qui me parle), Honnêtement, j’arrête rarement de moi-même",7,Parfois,Diminue,Rarement,Tous les soirs,Oui,Souvent,Jamais,4,Parfois,5,Non,Temps d'usage
11/12/2025 15:23:15,25,Homme,Employé(e),Liban,"Facebook, Instagram, LinkedIn, Youtube",Youtube,Instagram,1–2 heures,"Soir, Nuit (après 23h)","Scrolling / consommation passive, Sport",4,Stressé(e),Bleue,"Oui, plutôt négativement","Je commence à avoir mal aux yeux / je suis fatigué(e), Il se fait tard / je dois dormir, Je culpabilise / j’ai l’impression d’avoir perdu trop de temps",5,Parfois,Augmente,Parfois,3–5 fois par semaine,Oui,Toujours,Jamais,5,Oui,4,Non,0-1 h
11/12/2025 15:25:35,21,Femme,Étudiant(e),Liban,Youtube,Youtube,J’utilise uniquement youtube,30 min – 1 heure,Après-midi,Education ,4,Distrait(e),Bleue,Non,Je finis la video ,4,Non,Ne change pas,Jamais,Tous les soirs,Oui,Parfois,Parfois,4,Non,5,oui,"Rien, j’ai été capable de ne plus utiliser tous les réseaux sociaux a l’exception de youtube.
"
11/12/2025 17:15:48,22,Homme,Étudiant(e),Lebanon,Youtube,Youtube,Youtube,2–3 heures,Après-midi,Watch video essays ,4,Distrait(e),Bleue,Non,Je n’ai plus rien d’intéressant dans le fil,2,Parfois,Ne change pas,Parfois,Tous les soirs,Non,Parfois,Jamais,2,Non,1,Je ne sais pas,"Find more interesting videos to watch.

I am open to recommendations... "
11/12/2025 17:31:34,61,Homme,Prof univ,Liban,"LinkedIn, Youtube, Wattsap ",Wattsap ,Youtube,30 min – 1 heure,Après-midi,"Scrolling / consommation passive, Envoi de messages privés, Travail / veille professionnelle",2,Distrait(e),Bleue,Je ne sais pas,"Je commence à avoir mal aux yeux / je suis fatigué(e), Je me rends compte que j’ai autre chose à faire (études, travail, tâches perso), Je n’ai plus rien d’intéressant dans le fil",2,Parfois,Ne change pas,"Oui, fréquemment",1–2 fois par semaine,Non,Parfois,Parfois,2,Parfois,5,Je ne sais pas,Spprimer
11/12/2025 17:31:48,61,Homme,Prof univ,Liban,"LinkedIn, Youtube, Wattsap ",Wattsap ,Youtube,30 min – 1 heure,Après-midi,"Scrolling / consommation passive, Envoi de messages privés, Travail / veille professionnelle",2,Distrait(e),Bleue,Je ne sais pas,"Je commence à avoir mal aux yeux / je suis fatigué(e), Je me rends compte que j’ai autre chose à faire (études, travail, tâches perso), Je n’ai plus rien d’intéressant dans le fil",2,Parfois,Ne change pas,"Oui, fréquemment",1–2 fois par semaine,Non,Parfois,Parfois,2,Parfois,5,Je ne sais pas,Spprimer
11/12/2025 17:49:33,21,Femme,Étudiant(e),Liban,"Facebook, Instagram, Youtube, Tiktok, Snapchat",Instagram,Youtube,2–3 heures,"Après-midi, Soir","Scrolling / consommation passive, Regarder des stories / lives, Shopping / découverte de produits",7,Motivé(e),Bleue,"Oui, plutôt positivement","Je me rends compte que j’ai autre chose à faire (études, travail, tâches perso), Il se fait tard / je dois dormir, Je n’ai plus rien d’intéressant dans le fil, Je culpabilise / j’ai l’impression d’avoir perdu trop de temps, On m’interrompt (appel, message, quelqu’un qui me parle)",1,Oui,Ne change pas,"Oui, fréquemment",Tous les soirs,Oui,Toujours,Souvent,3,Oui,1,Non,Oui
11/12/2025 17:51:13,19,Homme,Étudiant(e),Liban,Instagram,Instagram,Youtube,30 min – 1 heure,Soir,"Commentaires / réactions, Travail / veille professionnelle",4,Distrait(e),Bleue,Non,"Je commence à avoir mal aux yeux / je suis fatigué(e), Je me rends compte que j’ai autre chose à faire (études, travail, tâches perso), Je culpabilise / j’ai l’impression d’avoir perdu trop de temps",6,Non,Diminue,Rarement,1–2 fois par semaine,Oui,Parfois,Jamais,4,Oui,6,oui,"En fait J’ai desactivé Mon compte principal d’insta quand l’université a commencer et pour le compte que j’utilise maintenant,c’est pour le contenu en math et physique theorique/astronomie (apprendre de nouveaux concepts et faits ) ou parfois des memes.J’ai des migraines et des maux de tete chroniques Donc même avec usage minimal g tjr mal à la tête.Du coup j’essaye de ne plus utiliser insta du tout et replacer les pages de math par des livres et des references plus utiles mais ils coutent beaucoup"
11/12/2025 17:57:36,30,Homme,Employé(e),France,"Instagram, LinkedIn, Youtube",Youtube,Instagram,2–3 heures,"Soir, Nuit (après 23h)",Scrolling / consommation passive,2,Stressé(e),Bleue,"Oui, plutôt négativement","Je me rends compte que j’ai autre chose à faire (études, travail, tâches perso), Il se fait tard / je dois dormir, Je n’ai plus rien d’intéressant dans le fil, On m’interrompt (appel, message, quelqu’un qui me parle)",4,Non,Ne change pas,Jamais,Tous les soirs,Oui,Parfois,Souvent,3,Oui,3,Non,"Ne pas être bombardé par des videos courtes de type tiktok reels et youtube short qui sont conçu pour être addictive

J’aimerai que mon usage soit majoritairement intentionnel au lieu de passif"
11/12/2025 18:20:24,20,Homme,Étudiant(e),Liban,"Instagram, Youtube, Tiktok",Instagram,Tiktok,2–3 heures,"Soir, Nuit (après 23h)","Scrolling / consommation passive, Publication de contenu, Envoi de messages privés",3,Distrait(e),Bleue,Non,"Je me rends compte que j’ai autre chose à faire (études, travail, tâches perso), La batterie de mon téléphone est faible, On m’interrompt (appel, message, quelqu’un qui me parle)",1,Non,Ne change pas,Parfois,Tous les soirs,Oui,Parfois,Parfois,3,Parfois,5,Je ne sais pas,
11/12/2025 19:46:46,20,Homme,Étudiant(e),Libanon,"Instagram, Tiktok",Instagram,Tiktok,30 min – 1 heure,Soir,"Scrolling / consommation passive, Envoi de messages privés",4,Relaxé(e),Bleue,Non,"Je me rends compte que j’ai autre chose à faire (études, travail, tâches perso), Il se fait tard / je dois dormir",3,Non,Ne change pas,Jamais,Tous les soirs,Non,Parfois,Jamais,3,Parfois,4,Je ne sais pas,Rien
11/12/2025 21:48:31,22,Femme,Employé(e),Liban,"Instagram, LinkedIn, Youtube, Tiktok",Instagram,Tiktok,,"Après-midi, Soir, Nuit (après 23h)","Scrolling / consommation passive, Publication de contenu, Envoi de messages privés, Commentaires / réactions, Regarder des stories / lives, Shopping / découverte de produits",4,Anxieux(-se),Bleue,"Oui, plutôt négativement","Il se fait tard / je dois dormir, La batterie de mon téléphone est faible, Je n’ai plus rien d’intéressant dans le fil",4,Parfois,Augmente,Rarement,Tous les soirs,Oui,Souvent,Souvent,5,Parfois,4,Non,
12/12/2025 09:15:20,19,Femme,Étudiant(e),Lebanon,"Instagram, Youtube, Snapchat, Safari",Instagram,Youtube,2–3 heures,Soir,"Scrolling / consommation passive, Envoi de messages privés, Travail / veille professionnelle",5,Relaxé(e),Bleue,Non,"Je me rends compte que j’ai autre chose à faire (études, travail, tâches perso), J’ai atteint une limite de temps (réglage écran / appli / contrôle parental)",2,Parfois,Ne change pas,Jamais,Tous les soirs,Non,Parfois,Souvent,3,Parfois,5,oui,
12/12/2025 14:52:54,20,Femme,Étudiant(e),Liban ,"Facebook, Instagram, Youtube, Tiktok",Tiktok,Instagram,3–4 heures,Soir,Scrolling / consommation passive,3,Anxieux(-se),Bleue,"Oui, plutôt négativement","Je me rends compte que j’ai autre chose à faire (études, travail, tâches perso), Je culpabilise / j’ai l’impression d’avoir perdu trop de temps",5,Oui,Augmente,Parfois,Tous les soirs,Oui,Souvent,Souvent,6,Oui,4,Je ne sais pas,
12/12/2025 15:17:38,23,Femme,Étudiant(e),Liban,Youtube,Youtube,Instagram,3–4 heures,"Après-midi, Soir, Nuit (après 23h)","Scrolling / consommation passive, Envoi de messages privés, Travail / veille professionnelle",4,Distrait(e),Bleue,Non,"Je commence à avoir mal aux yeux / je suis fatigué(e), Je me rends compte que j’ai autre chose à faire (études, travail, tâches perso), Il se fait tard / je dois dormir, J’ai atteint une limite de temps (réglage écran / appli / contrôle parental), La batterie de mon téléphone est faible, Je n’ai plus rien d’intéressant dans le fil, Je culpabilise / j’ai l’impression d’avoir perdu trop de temps, On m’interrompt (appel, message, quelqu’un qui me parle), Honnêtement, j’arrête rarement de moi-même, ",6,Oui,Ne change pas,,3–5 fois par semaine,Oui,Souvent,Toujours,7,Oui,5,oui,
12/12/2025 15:52:14,23,Homme,Employé(e),Lebanon ,"Facebook, Instagram, Youtube, Tiktok",Tiktok,Youtube,2–3 heures,Soir,"Scrolling / consommation passive, Envoi de messages privés",4,Anxieux(-se),Bleue,Je ne sais pas,Il se fait tard / je dois dormir,1,Parfois,Ne change pas,Rarement,Tous les soirs,Non,Parfois,Souvent,1,Non,4,oui,Apprenez des choses biens et bénéficiez dans la vie
12/12/2025 15:56:30,20,Femme,Étudiant(e),Lebanon,"Facebook, Instagram, LinkedIn, Tiktok",Tiktok,Instagram,3–4 heures,"Après-midi, Soir","Scrolling / consommation passive, Travail / veille professionnelle",4,Relaxé(e),Bleue,Non,"Je commence à avoir mal aux yeux / je suis fatigué(e), Je me rends compte que j’ai autre chose à faire (études, travail, tâches perso), Je n’ai plus rien d’intéressant dans le fil",4,Oui,Diminue,Rarement,Tous les soirs,Non,Parfois,Jamais,6,Parfois,4,Je ne sais pas,
12/12/2025 17:25:06,23,Homme,Étudiant(e),Lebanese University,"Youtube, Math Stack exchange",Youtube,,30 min – 1 heure,"Après-midi, Soir",Travail / veille professionnelle,4,Relaxé(e),Bleue,Non,Je ne scroll pas,1,Parfois,Ne change pas,Jamais,1–2 fois par semaine,Non,Jamais,Parfois,1,Non,7,oui,Rien de tous
12/12/2025 18:44:21,19 ans,Homme,Étudiant(e),le Liban,"Instagram, Youtube",Aucun en particulier,Aucun en particulier,Moins de 30 minutes,"Après-midi, Soir","Scrolling / consommation passive, Envoi de messages privés, Regarder des stories / lives",5,Relaxé(e),Bleue,Non,"Je me rends compte que j’ai autre chose à faire (études, travail, tâches perso)",2,Non,Diminue,Jamais,3–5 fois par semaine,Non,Parfois,Parfois,4,Non,6,oui,"Franchement de mon point de vue, je peux dire que c'est bon ce que je fais et même j'essaie d'aider mes amis à réduire le plus possible de passer leur temps sur les réseaux sociaux si c'est inutile ce qu'ils font et si ce n'est pas bénéfique pour eux. Ce temps perdu peut servir à faire d'autre chose plus importante et qui nous améliore comme faire du sport, étudier, profiter du temps avec la famille et les amis."
12/12/2025 20:35:08,20,Femme,Étudiant(e),lebanon,Facebook,Instagram,Youtube,Plus de 4 heures,"Matin, Après-midi, Soir, Nuit (après 23h)","Scrolling / consommation passive, Envoi de messages privés, Shopping / découverte de produits, Travail / veille professionnelle",4,Distrait(e),Bleue,Non,"Je me rends compte que j’ai autre chose à faire (études, travail, tâches perso), Il se fait tard / je dois dormir, La batterie de mon téléphone est faible, Honnêtement, j’arrête rarement de moi-même",7,Oui,Augmente,Jamais,Tous les soirs,Non,Jamais,Toujours,1,Parfois,1,oui,"rien , parce que je ne me sens pas doubtable d’utiliser les réseaux sociaux. "